priority	namespace	mod_name	jar	quest_refs	quest_ids	quest_ids_without_ru	en_item_block_keys	upstream_ru_keys	pack_ru_keys	missing_ru_keys	upstream_equal_to_en	en_all_keys	covered_all_keys	missing_all_keys	equal_to_en_all	unreviewed_equal_to_en	mixed_ru_en
DONE	opolisutilities	Opolis Utilites	649644-4584871.jar	499	8	0	33	0	33	0	0	63	63	0	1	0	7
DONE	immersiveengineering	Immersive Engineering	231951-5222176.jar	91	59	0	579	541	88	0	51	1369	1369	0	8	0	47
DONE	ae2	Applied Energistics 2	223794-5014801.jar	65	57	4	381	321	60	0	0	1000	1000	0	8	0	12
DONE	geodeopolis	Geodeopolis	688774-4101868.jar	56	52	0	134	0	134	0	0	135	135	0	1	0	0
DONE	mekanism	Mekanism	268560-4644795.jar	48	46	0	367	367	0	0	0	1647	1647	0	39	0	70
DONE	cosmopolis	Cosmopolis	556904-4101838.jar	40	34	0	71	0	71	0	0	80	80	0	1	0	0
DONE	caveopolis	Caveopolis	639186-4556334.jar	39	22	0	204	0	204	0	0	208	208	0	1	0	1
DONE	elevatorid	Elevator Mod	250832-4859577.jar	32	16	0	16	16	0	0	0	28	28	0	0	0	0
DONE	neverenderore	Never Ender Ore	678083-4082134.jar	22	21	0	46	0	46	0	0	53	53	0	0	0	0
DONE	sophisticatedbackpacks	Sophisticated Backpacks	422301-5194759.jar	17	9	0	111	107	18	0	0	203	203	0	3	0	22
DONE	mekanismgenerators	Mekanism: Generators	268566-4644798.jar	13	13	0	35	35	0	0	0	197	197	0	0	0	1
DONE	itemfilters	Item Filters	309674-4553326.jar	12	1	0	33	33	2	0	0	43	43	0	0	0	12
DONE	extendedcrafting	Extended Crafting	268387-4991289.jar	11	10	0	71	60	11	0	0	186	186	0	0	0	17
DONE	fluxnetworks	Flux Networks	248020-4620438.jar	11	6	0	11	11	0	0	0	123	123	0	2	0	2
DONE	compactmachines	Compact Machines 5	224218-3907274.jar	10	8	5	15	11	5	0	0	95	95	0	3	0	3
DONE	engineersdecor	Engineer	313866-4672319.jar	10	10	0	217	217	2	0	1	270	270	0	2	0	19
DONE	functionalstorage	Functional Storage	556861-4992914.jar	7	6	1	56	0	56	0	0	98	98	0	1	0	0
DONE	jetboots	Jet Boots	373208-4014989.jar	7	6	0	15	0	15	0	0	66	66	0	0	0	2
DONE	supplementaries	Supplementaries	412082-5152602.jar	5	4	0	259	255	9	0	2	456	456	0	10	0	5
DONE	enderstorage	EnderStorage	245174-3951059.jar	4	2	0	3	3	0	0	0	8	8	0	0	0	1
DONE	pipez	Pipez	443900-4916626.jar	4	4	0	12	12	0	0	0	84	84	0	2	0	4
DONE	rftoolsbase	RFToolsBase	326041-4474182.jar	4	4	0	24	0	24	0	0	55	55	0	2	0	9
DONE	rftoolsutility	RFToolsUtility	342466-4938948.jar	4	4	0	71	0	71	0	0	242	242	0	1	0	23
DONE	ceramicbucket	Ceramic Bucket	363799-3861851.jar	3	2	0	4	4	0	0	0	4	4	0	0	0	0
DONE	luggage	Luggage	594709-4461166.jar	2	1	0	2	0	2	0	0	12	12	0	0	0	0
DONE	tiab	Time In A Bottle	445025-3879896.jar	2	1	0	3	0	3	0	0	3	3	0	0	0	0
DONE	watersources	WaterSources	634265-4590304.jar	2	2	0	9	0	9	0	0	11	11	0	0	0	1
DONE	flopper	Flopper	290404-4936887.jar	1	1	0	2	0	2	0	0	5	5	0	0	0	0
DONE	rechiseled	Rechiseled	558998-4872816.jar	1	1	0	1137	0	1137	0	0	1150	1150	0	2	0	0
DONE	solcarrot	Spice of Life: Carrot Edition	277616-3974155.jar	1	1	0	1	1	0	0	0	59	59	0	2	0	0
DONE	structurecompass	Structure Compass Mod	319598-4671166.jar	1	1	0	1	0	1	0	0	22	22	0	0	0	1
DONE	woodenhopper	Wooden Hopper	440985-4276195.jar	1	1	0	3	3	0	0	0	3	3	0	0	0	0
DONE	ae2wtlib	AE2WTLib	459929-4655495.jar	0	0	0	8	6	2	0	0	41	41	0	1	0	1
DONE	almostunified	AlmostUnified	633823-5149997.jar	0	0	0	0	0	0	0	0	6	6	0	0	0	1
DONE	appmek	Applied Mekanistics	574300-4734608.jar	0	0	0	13	13	0	0	0	16	16	0	1	0	1
DONE	autoreglib	AutoRegLib	250363-4100299.jar	0	0	0	0	0	0	0	0	2	2	0	0	0	1
DONE	bcc	Better Compatibility Checker	551894-4441760.jar	0	0	0	0	0	0	0	0	2	2	0	0	0	0
DONE	bdlib	BdLib	70496-4100704.jar	0	0	0	0	0	0	0	0	40	40	0	5	0	1
DONE	bhmenu	BHMenu	585546-4743103.jar	0	0	0	0	0	0	0	0	57	57	0	0	0	2
DONE	blackdogsmoddinglibrary	BML	371791-3909190.jar	0	0	0	0	0	0	0	0	9	9	0	1	0	0
DONE	blockcarpentry	BlockCarpentry	401658-5007937.jar	0	0	0	45	41	13	0	8	135	135	0	0	0	7
DONE	buildinggadgets	Building Gadgets	298187-4413103.jar	0	0	0	17	0	17	0	0	188	188	0	1	0	16
DONE	cloth-config2	Cloth Config v8 API	348521-4973444.jar	0	0	0	0	0	0	0	0	49	49	0	3	0	9
DONE	codechickenlib	CodeChicken Lib	242818-4965330.jar	0	0	0	0	0	0	0	0	9	9	0	0	0	0
DONE	configured	Configured	457570-4462837.jar	0	0	0	0	0	0	0	0	65	65	0	1	0	5
DONE	constructionwand	Construction Wand	399558-4455719.jar	0	0	0	6	6	0	0	0	59	59	0	1	0	1
DONE	controlling	Controlling	250398-4050343.jar	0	0	0	0	0	0	0	0	13	13	0	0	0	0
DONE	craftingtweaks	CraftingTweaks	233071-4939198.jar	0	0	0	0	0	0	0	0	23	23	0	0	0	0
DONE	creativecore	CreativeCore	257814-4584615.jar	0	0	0	0	0	0	0	0	25	25	0	2	0	0
DONE	cucumber	Cucumber Library	272335-4773184.jar	0	0	0	0	0	0	0	0	15	15	0	0	0	4
DONE	curios	Curios API	309927-5066842.jar	0	0	0	0	4	0	0	0	45	45	0	2	0	2
DONE	cyclopscore	Cyclops Core	232758-5080403.jar	0	0	0	0	0	0	0	0	42	42	0	2	0	1
DONE	dangerousstonecutter	Dangerous Stone Cutter	345729-4364759.jar	0	0	0	0	0	0	0	0	6	6	0	0	0	0
DONE	decorative_blocks	Decorative Blocks	362528-3941638.jar	0	0	0	48	44	4	0	0	62	62	0	0	0	0
DONE	deeperdarker	Deeper and Darker	659011-4812297.jar	0	0	0	146	0	146	0	0	209	209	0	0	0	0
DONE	ding	Ding	231275-4618810.jar	0	0	0	0	0	0	0	0	38	38	0	0	0	9
DONE	energymeter	Energy Meter	532169-4032160.jar	0	0	0	1	0	1	0	0	60	60	0	2	0	0
DONE	essence	Essence	554972-4591134.jar	0	0	0	25	0	25	0	0	47	47	0	0	0	2
DONE	extremesoundmuffler	Extreme Sound Muffler	363363-4821189.jar	0	0	0	0	0	0	0	0	55	55	0	3	0	8
DONE	fairylights	Fairy Lights	233342-4961791.jar	0	0	0	32	0	32	0	0	83	83	0	3	0	1
DONE	fancymenu	FancyMenu	367706-5153186.jar	0	0	0	0	0	0	0	0	1229	1229	0	19	0	193
DONE	forgivingvoid	Forgiving Void	271009-3833506.jar	0	0	0	0	0	0	0	0	11	11	0	0	0	0
DONE	ftbbackups	FTB Backups 2	622737-4834398.jar	0	0	0	0	0	0	0	0	3	3	0	0	0	0
DONE	ftbchunks	FTB Chunks	314906-5001266.jar	0	0	0	0	0	0	0	0	179	179	0	3	0	16
DONE	ftblibrary	FTB Library	404465-4661834.jar	0	0	0	2	0	2	0	0	66	66	0	2	0	5
DONE	ftbquests	FTB Quests	289412-5060506.jar	0	0	0	56	41	16	0	0	489	489	0	16	0	36
DONE	ftbteams	FTB Teams	404468-4611938.jar	0	0	0	0	0	0	0	0	88	88	0	1	0	2
DONE	ftbultimine	FTB Ultimine	386134-4598468.jar	0	0	0	2	0	2	0	0	41	41	0	2	0	10
DONE	ftbxmodcompat	FTB XMod Compat	889915-4857341.jar	0	0	0	0	0	0	0	0	0	0	0	0	0	0
DONE	geckolib3	GeckoLib	388172-4407241.jar	0	0	0	8	0	8	0	0	9	9	0	0	0	1
DONE	hostilenetworks	Hostile Neural Networks	552574-4654510.jar	0	0	0	11	0	11	0	0	158	158	0	9	0	2
DONE	inventorysorter	Simple Inventory Sorter	240633-3963662.jar	0	0	0	0	0	0	0	0	25	25	0	1	0	0
DONE	inzhefopcore	inzhefop core	434516-4021208.jar	0	0	0	0	0	0	0	0	0	0	0	0	0	0
DONE	ironchest	Iron Chests	228756-3966365.jar	0	0	0	23	0	23	0	0	39	39	0	0	0	0
DONE	itemphysic	ItemPhysic	258587-4061326.jar	0	0	0	0	0	0	0	0	3	3	0	0	0	0
DONE	jade	Jade	324717-4800904.jar	0	0	0	0	0	0	0	0	211	211	0	10	0	6
DONE	jea	Just Enough Advancements	444941-3874017.jar	0	0	0	0	0	0	0	0	4	4	0	0	0	0
DONE	jei	Just Enough Items	238222-5106178.jar	0	0	0	0	0	0	0	0	157	157	0	4	0	32
DONE	jeimultiblocks	Just Enough Immersive Multiblocks	634571-4012213.jar	0	0	0	0	0	0	0	0	1	1	0	0	0	0
DONE	jeresources	Just Enough Resources	240630-4862430.jar	0	0	0	0	0	0	0	0	144	144	0	1	0	7
DONE	journeymap	Journeymap	32274-5208387.jar	0	0	0	0	0	0	0	0	760	760	0	30	0	73
DONE	kleeslabs	KleeSlabs	241895-4510538.jar	0	0	0	0	0	0	0	0	3	3	0	1	0	0
DONE	laserio	LaserIO	626839-4066818.jar	0	0	0	16	0	16	0	0	76	76	0	2	0	4
DONE	lava_monster	Lava Monster	60329-3905206.jar	0	0	0	1	1	0	0	0	2	2	0	0	0	0
DONE	libx	LibX	412525-4052778.jar	0	0	0	0	0	0	0	0	51	51	0	0	0	4
DONE	loginar	Loginar Storage	690569-4411616.jar	0	0	0	19	0	19	0	0	34	34	0	1	0	17
DONE	lostcities	LostCities	269024-5217240.jar	0	0	0	0	0	0	0	0	1	1	0	0	0	0
DONE	maidensmerrymaking	Maiden	430867-4901482.jar	0	0	0	815	0	815	0	0	848	848	0	0	0	6
DONE	mcjtylib	McJtyLib	233105-4501791.jar	0	0	0	0	0	0	0	0	3	3	0	1	0	0
DONE	mekanismadditions	Mekanism: Additions	345425-4644797.jar	0	0	0	295	295	0	0	0	319	319	0	0	0	2
DONE	mekanismtools	Mekanism: Tools	268567-4644799.jar	0	0	0	168	168	0	0	0	181	181	0	0	0	3
DONE	moonlight	Moonlight Library	499980-4983974.jar	0	0	0	0	0	0	0	0	9	9	0	0	0	1
DONE	moremekanismprocessing	More Mekanism Processing	511965-3944669.jar	0	0	0	0	0	0	0	0	60	60	0	5	0	3
DONE	moreoverlays	More Overlays Updated	391382-4571753.jar	0	0	0	0	0	0	0	0	12	12	0	0	0	1
DONE	netherportalfix	NetherPortalFix	241160-4412699.jar	0	0	0	0	0	0	0	0	1	1	0	0	0	0
DONE	nochatreports	No Chat Reports	634062-4082456.jar	0	0	0	0	0	0	0	0	114	114	0	3	0	31
DONE	notenoughcrashes	Not Enough Crashes	442354-4924317.jar	0	0	0	0	0	0	0	0	26	26	0	0	0	8
DONE	patchouli	Patchouli	306770-4031402.jar	0	0	0	5	5	0	0	0	90	90	0	3	0	10
DONE	placebo	Placebo	283644-5180198.jar	0	0	0	0	0	0	0	0	6	6	0	1	0	2
DONE	pocketstorage	Pocket Storage	367734-3873783.jar	0	0	0	16	0	16	0	0	28	28	0	2	0	1
DONE	polylib	PolyLib	576589-4895988.jar	0	0	0	0	0	0	0	0	9	9	0	1	0	0
DONE	polymorph	Polymorph	388800-5222155.jar	0	0	0	0	0	0	0	0	2	2	0	0	0	1
DONE	quark	Quark	243121-4812006.jar	0	0	0	927	870	67	0	0	1508	1508	0	22	0	38
DONE	questsadditions	Quests Additions	580129-4525499.jar	0	0	0	1	0	1	0	0	57	57	0	0	0	4
DONE	quit	Quit	684750-4960655.jar	0	0	0	0	0	0	0	0	5	5	0	0	0	0
DONE	rftoolsstorage	RFToolsStorage	350006-4474185.jar	0	0	0	15	0	15	0	0	41	41	0	3	0	1
DONE	sdrp	Simple Discord Rich Presence	334853-4964326.jar	0	0	0	0	0	0	0	0	14	14	0	0	0	0
DONE	silentlib	Silent Lib	242998-3968715.jar	0	0	0	2	0	2	0	0	5	5	0	0	0	1
DONE	skyblockbuilder	Skyblock Builder	446691-4451981.jar	0	0	0	1	1	0	0	0	123	123	0	0	0	2
DONE	skyguis	Sky GUIs	557696-4857683.jar	0	0	0	0	0	0	0	0	40	40	0	0	0	0
DONE	sophisticatedcore	Sophisticated Core	618298-5194752.jar	0	0	0	10	10	1	0	2	213	213	0	1	0	8
DONE	tempad	Tempad	514923-4586186.jar	0	0	0	3	0	3	0	0	29	29	0	0	0	0
DONE	titanium	Titanium	287342-5151215.jar	0	0	0	4	0	4	0	0	48	48	0	0	0	1
DONE	toastcontrol	Toast Control	271740-4028343.jar	0	0	0	0	0	0	0	0	2	2	0	1	0	0
DONE	tombstone	Corail Tombstone	243707-5202057.jar	0	0	0	15	15	0	0	0	1169	1169	0	0	0	42
DONE	trashcans	Trash Cans	394535-4606893.jar	0	0	0	0	4	0	0	0	32	32	0	3	0	1
DONE	untitledduckmod	Untitled Duck Mod	451789-3964148.jar	0	0	0	13	13	0	0	0	44	44	0	0	0	1
DONE	vanillaplustools	Vanilla+ Tools	308705-3896431.jar	0	0	0	12	12	0	0	0	13	13	0	0	0	1
DONE	weaponmaster_ydm	YDM	608235-5019497.jar	0	0	0	0	0	0	0	0	44	44	0	3	0	1
DONE	xnet	XNet	260912-4462366.jar	0	0	0	34	0	34	0	0	58	58	0	1	0	7
